type,name,module,path,hash
"yaml","manifest","_config","_config/manifest.yaml","f13c496a3cfaffe29d07c963ab73770186421431cab022e99fbb528f012643ca"
"yaml","config","bmb","bmb/config.yaml","af7788491093a32488de6fde524446305c0cb5f86aaae302e2155f6391baf7a7"
"yaml","config","bmm","bmm/config.yaml","a24fbdab40a3ae5b295e2111e155059bf9e9db02190e758d9b42f51f08003d16"
"toml","config","config.toml","config.toml","6170af49fdf6b36cbcbdaf820e64e91634f8b2bbef6c9a62954f61c2d87471f0"
"toml","config.user","config.user.toml","config.user.toml","aabfde4a2663b9eb495ad6531602b64a43568d3bcaea528a9b33c3e58576e8a8"
"yaml","config","core","core/config.yaml","a9f8fbc6bd58b54dcf10df184d819f4964a56051263ea48117ba1d76781a5db7"
"file",".gitignore","custom","custom/.gitignore","973b03a33f142c22cf9b65be285bebadd85790b6b55be04637d2f8c716f58fab"
"file",".gitignore","render","render/.gitignore","240a3e0d37d2e86b614063f5347eb02d4f99ca6c254de6b82871ff8d95532a7d"
"py","config_utils","scripts","scripts/config_utils.py","48afe2bc18a29201e343cce3703be1e70df9c83ee74eeb68e57ef8ef42e8c651"
"py","memlog","scripts","scripts/memlog.py","3b00f82ca33dc4227f715123b939514ee35c4f9c71150c894c3d8185df1b48df"
"py","render_skill","scripts","scripts/render_skill.py","8496d0d8b449d64c21b42a9aab3b13fc8a813a430c0695ffd84ad75bb1da7942"
"py","resolve_config","scripts","scripts/resolve_config.py","fc78866fd42862d486d4346d2b35705f916a19e6c07bb474f8add25c71734a8e"
"py","resolve_customization","scripts","scripts/resolve_customization.py","9b5124e0b781823a015a19d6cf5db52bbc34b6bab41c036fd1b3d464c2a137cd"
